Workbook

Sheet 説明
A1: 閻魔庁ONLINE 成長バランス設計表
A3: この表は「上限Lv80・全8章・1章5〜10時間・後半ほど重い」という決定に基づく成長曲線モデル。
A5: ■ 色の意味
A6: 青字+黄色地 = 入力セル(自由に変えてよい)。変えると全シートが再計算される
A7: 黒字 = 数式(触らない)
A9: ■ シート構成
A10: パラメータ … 全体を動かす係数。まずここを触る
A11: 徳位表 … Lv1〜80の必要経験値と、そのLv帯の敵の目安性能
A12: 章設計 … 8章それぞれのLv帯・想定時間・区割り。目標時間との差を判定
A13: 経済と報酬 … 章ごとの時給(XP/モン)と、そこから逆算したデイリー報酬・装備価格目安
A14: 強化期待値 … 現行の強化成功率での期待消費巻物数(+9は事実上の無限目標)
A15: 現行敵と照合 … いま実装済みの敵15種と、モデル式の乖離チェック
... A21: 数値の出典: play.html(2026-07-23時点, xpNext=50×Lv^1.9, MOBS定義, ENH_RATE)

Sheet パラメータ
A1: 項目 | B1: 値 | C1: メモ
A2: 上限徳位 | B2: 80 | C2: 全8章クリア時の到達点
A3: 必要XP係数 | B3: 50 | C3: 現行 xpNext=50×Lv^1.9 を維持(セーブ互換)
A4: 必要XP指数 | B4: 1.9 | C4: 同上
A5: 敵XP係数 | B5: 16 | C5: 敵XP目安 = 係数×Lv^指数
A6: 敵XP指数 | B6: 1.1 | C6: 現行1章の敵に概ね一致(照合シート参照)
A7: 敵HP係数 | B7: 25 | C7: 敵HP目安 = 係数×Lv^指数
A8: 敵HP指数 | B8: 1.1
A9: 敵攻撃係数 | B9: 4.5 | C9: 平均ダメージ = 係数×Lv^指数
A10: 敵攻撃指数 | B10: 0.78
A11: ゴールド/XP比 | B11: 0.2 | C11: 敵ゴールド = 敵XP×この比。序盤の現行値はやや富裕
A12: 基準討伐ペース(体/時) | B12: 100 | C12: 快適に狩れている時の1時間あたり討伐数
A13: ボスXP倍率 | B13: 4 | C13: 同Lv雑魚XPの何倍か(現行オニオウ・ガシャオウ実測≒3〜4倍)
A14: ボスHP倍率 | B14: 6 | C14: 同Lv雑魚HPの何倍か
A15: デイリー報酬(時給比) | B15: 0.25 | C15: デイリー1件=その帯の時給の25%(約15分ぶん)
A16: 連続入庁恩賞(時給比) | B16: 0.05 | C16: ログイン恩賞は時給の5%程度の軽さに
A17: 次章装備の価格(時給倍率) | B17: 2 | C17: 次の店売り武器 ≈ 時給ゴールド×2(2時間で買える)

Sheet 徳位表
A1: 徳位 | B1: 次Lvまで必要XP | C1: 累計XP(このLv到達まで) | D1: 敵XP目安 | E1: 敵HP目安 | F1: 敵平均攻撃目安 | G1: 敵ゴールド目安 | H1: このLvの必要討伐数
A2: 1 | B2: =ROUND(パラメータ!$B$3*A2^パラメータ!$B$4,0) -> 50 | C2: =0 -> 0 | D2: =ROUND(パラメータ!$B$5*A2^パラメータ!$B$6,0) -> 16 | E2: =ROUND(パラメータ!$B$7*A2^パラメータ!$B$8,0) -> 25 | F2: =ROUND(パラメータ!$B$9*A2^パラメータ!$B$10,1) -> 4.5 | G2: =ROUND(D2*パラメータ!$B$11,0) -> 3 | H2: =ROUND(B2/D2,0) -> 3
A3: 2 | B3: =ROUND(パラメータ!$B$3*A3^パラメータ!$B$4,0) -> 187 | C3: =C2+B2 -> 50 | D3: =ROUND(パラメータ!$B$5*A3^パラメータ!$B$6,0) -> 34 | E3: =ROUND(パラメータ!$B$7*A3^パラメータ!$B$8,0) -> 54 | F3: =ROUND(パラメータ!$B$9*A3^パラメータ!$B$10,1) -> 7.7 | G3: =ROUND(D3*パラメータ!$B$11,0) -> 7 | H3: =ROUND(B3/D3,0) -> 6
A4: 3 | B4: =ROUND(パラメータ!$B$3*A4^パラメータ!$B$4,0) -> 403 | C4: =C3+B3 -> 237 | D4: =ROUND(パラメータ!$B$5*A4^パラメータ!$B$6,0) -> 54 | E4: =ROUND(パラメータ!$B$7*A4^パラメータ!$B$8,0) -> 84 | F4: =ROUND(パラメータ!$B$9*A4^パラメータ!$B$10,1) -> 10.6 | G4: =ROUND(D4*パラメータ!$B$11,0) -> 11 | H4: =ROUND(B4/D4,0) -> 7
A5: 4 | B5: =ROUND(パラメータ!$B$3*A5^パラメータ!$B$4,0) -> 696 | C5: =C4+B4 -> 640 | D5: =ROUND(パラメータ!$B$5*A5^パラメータ!$B$6,0) -> 74 | E5: =ROUND(パラメータ!$B$7*A5^パラメータ!$B$8,0) -> 115 | F5: =ROUND(パラメータ!$B$9*A5^パラメータ!$B$10,1) -> 13.3 | G5: =ROUND(D5*パラメータ!$B$11,0) -> 15 | H5: =ROUND(B5/D5,0) -> 9
A6: 5 | B6: =ROUND(パラメータ!$B$3*A6^パラメータ!$B$4,0) -> 1064 | C6: =C5+B5 -> 1336 | D6: =ROUND(パラメータ!$B$5*A6^パラメータ!$B$6,0) -> 94 | E6: =ROUND(パラメータ!$B$7*A6^パラメータ!$B$8,0) -> 147 | F6: =ROUND(パラメータ!$B$9*A6^パラメータ!$B$10,1) -> 15.8 | G6: =ROUND(D6*パラメータ!$B$11,0) -> 19 | H6: =ROUND(B6/D6,0) -> 11
A7: 6 | B7: =ROUND(パラメータ!$B$3*A7^パラメータ!$B$4,0) -> 1505 | C7: =C6+B6 -> 2400 | D7: =ROUND(パラメータ!$B$5*A7^パラメータ!$B$6,0) -> 115 | E7: =ROUND(パラメータ!$B$7*A7^パラメータ!$B$8,0) -> 179 | F7: =ROUND(パラメータ!$B$9*A7^パラメータ!$B$10,1) -> 18.2 | G7: =ROUND(D7*パラメータ!$B$11,0) -> 23 | H7: =ROUND(B7/D7,0) -> 13
A8: 7 | B8: =ROUND(パラメータ!$B$3*A8^パラメータ!$B$4,0) -> 2017 | C8: =C7+B7 -> 3905 | D8: =ROUND(パラメータ!$B$5*A8^パラメータ!$B$6,0) -> 136 | E8: =ROUND(パラメータ!$B$7*A8^パラメータ!$B$8,0) -> 213 | F8: =ROUND(パラメータ!$B$9*A8^パラメータ!$B$10,1) -> 20.5 | G8: =ROUND(D8*パラメータ!$B$11,0) -> 27 | H8: =ROUND(B8/D8,0) -> 15
A9: 8 | B9: =ROUND(パラメータ!$B$3*A9^パラメータ!$B$4,0) -> 2599 | C9: =C8+B8 -> 5922 | D9: =ROUND(パラメータ!$B$5*A9^パラメータ!$B$6,0) -> 158 | E9: =ROUND(パラメータ!$B$7*A9^パラメータ!$B$8,0) -> 246 | F9: =ROUND(パラメータ!$B$9*A9^パラメータ!$B$10,1) -> 22.8 | G9: =ROUND(D9*パラメータ!$B$11,0) -> 32 | H9: =ROUND(B9/D9,0) -> 16
A10: 9 | B10: =ROUND(パラメータ!$B$3*A10^パラメータ!$B$4,0) -> 3251 | C10: =C9+B9 -> 8521 | D10: =ROUND(パラメータ!$B$5*A10^パラメータ!$B$6,0) -> 179 | E10: =ROUND(パラメータ!$B$7*A10^パラメータ!$B$8,0) -> 280 | F10: =ROUND(パラメータ!$B$9*A10^パラメータ!$B$10,1) -> 25 | G10: =ROUND(D10*パラメータ!$B$11,0) -> 36 | H10: =ROUND(B10/D10,0) -> 18
A11: 10 | B11: =ROUND(パラメータ!$B$3*A11^パラメータ!$B$4,0) -> 3972 | C11: =C10+B10 -> 11772 | D11: =ROUND(パラメータ!$B$5*A11^パラメータ!$B$6,0) -> 201 | E11: =ROUND(パラメータ!$B$7*A11^パラメータ!$B$8,0) -> 315 | F11: =ROUND(パラメータ!$B$9*A11^パラメータ!$B$10,1) -> 27.1 | G11: =ROUND(D11*パラメータ!$B$11,0) -> 40 | H11: =ROUND(B11/D11,0) -> 20
A12: 11 | B12: =ROUND(パラメータ!$B$3*A12^パラメータ!$B$4,0) -> 4760 | C12: =C11+B11 -> 15744 | D12: =ROUND(パラメータ!$B$5*A12^パラメータ!$B$6,0) -> 224 | E12: =ROUND(パラメータ!$B$7*A12^パラメータ!$B$8,0) -> 350 | F12: =ROUND(パラメータ!$B$9*A12^パラメータ!$B$10,1) -> 29.2 | G12: =ROUND(D12*パラメータ!$B$11,0) -> 45 | H12: =ROUND(B12/D12,0) -> 21
A13: 12 | B13: =ROUND(パラメータ!$B$3*A13^パラメータ!$B$4,0) -> 5616 | C13: =C12+B12 -> 20504 | D13: =ROUND(パラメータ!$B$5*A13^パラメータ!$B$6,0) -> 246 | E13: =ROUND(パラメータ!$B$7*A13^パラメータ!$B$8,0) -> 385 | F13: =ROUND(パラメータ!$B$9*A13^パラメータ!$B$10,1) -> 31.3 | G13: =ROUND(D13*パラメータ!$B$11,0) -> 49 | H13: =ROUND(B13/D13,0) -> 23
A14: 13 | B14: =ROUND(パラメータ!$B$3*A14^パラメータ!$B$4,0) -> 6538 | C14: =C13+B13 -> 26120 | D14: =ROUND(パラメータ!$B$5*A14^パラメータ!$B$6,0) -> 269 | E14: =ROUND(パラメータ!$B$7*A14^パラメータ!$B$8,0) -> 420 | F14: =ROUND(パラメータ!$B$9*A14^パラメータ!$B$10,1) -> 33.3 | G14: =ROUND(D14*パラメータ!$B$11,0) -> 54 | H14: =ROUND(B14/D14,0) -> 24
... A81: 80 | B81: =ROUND(パラメータ!$B$3*A81^パラメータ!$B$4,0) -> 206462 | C81: =C80+B80 -> 5592697 | D81: =ROUND(パラメータ!$B$5*A81^パラメータ!$B$6,0) -> 1984 | E81: =ROUND(パラメータ!$B$7*A81^パラメータ!$B$8,0) -> 3100 | F81: =ROUND(パラメータ!$B$9*A81^パラメータ!$B$10,1) -> 137.3 | G81: =ROUND(D81*パラメータ!$B$11,0) -> 397 | H81: =ROUND(B81/D81,0) -> 104

Sheet 章設計
A1: 章 | B1: 地方(案) | C1: 区数 | D1: 開始Lv | E1: 終了Lv | F1: Lv数 | G1: 区あたりLv | H1: 章の必要XP | I1: 必要討伐数 | J1: 討伐ペース補正 | K1: 想定時間(h) | L1: 目標時間(h) | M1: 判定
A2: 1 | B2: 四国(賽の森) | C2: 7 | D2: 1 | E2: =D3 -> 22 | F2: =E2-D2 -> 21 | G2: =ROUND(F2/C2,1) -> 3 | H2: =INDEX(徳位表!$C:$C,E2+1)-INDEX(徳位表!$C:$C,D2+1) -> 126017 | I2: =SUMIFS(徳位表!$H:$H,徳位表!$A:$A,">="&D2,徳位表!$A:$A,"<"&E2) -> 433 | J2: 1.1 | K2: =ROUND(I2/(パラメータ!$B$12*J2),1) -> 3.9 | L2: 5 | M2: =IF(ABS(K2-L2)/L2<=0.3,"OK","要調整") -> OK
A3: 2 | B3: 近畿(輪廻大陸) | C3: 6 | D3: 22 | E3: =D4 -> 34 | F3: =E3-D3 -> 12 | G3: =ROUND(F3/C3,1) -> 2 | H3: =INDEX(徳位表!$C:$C,E3+1)-INDEX(徳位表!$C:$C,D3+1) -> 330140 | I3: =SUMIFS(徳位表!$H:$H,徳位表!$A:$A,">="&D3,徳位表!$A:$A,"<"&E3) -> 531 | J3: 1.05 | K3: =ROUND(I3/(パラメータ!$B$12*J3),1) -> 5.1 | L3: 6 | M3: =IF(ABS(K3-L3)/L3<=0.3,"OK","要調整") -> OK
A4: 3 | B4: 中国 | C4: 5 | D4: 34 | E4: =D5 -> 45 | F4: =E4-D4 -> 11 | G4: =ROUND(F4/C4,1) -> 2.2 | H4: =INDEX(徳位表!$C:$C,E4+1)-INDEX(徳位表!$C:$C,D4+1) -> 583204 | I4: =SUMIFS(徳位表!$H:$H,徳位表!$A:$A,">="&D4,徳位表!$A:$A,"<"&E4) -> 643 | J4: 1 | K4: =ROUND(I4/(パラメータ!$B$12*J4),1) -> 6.4 | L4: 7 | M4: =IF(ABS(K4-L4)/L4<=0.3,"OK","要調整") -> OK
A5: 4 | B5: 九州・沖縄 | C5: 8 | D5: 45 | E5: =D6 -> 55 | F5: =E5-D5 -> 10 | G5: =ROUND(F5/C5,1) -> 1.3 | H5: =INDEX(徳位表!$C:$C,E5+1)-INDEX(徳位表!$C:$C,D5+1) -> 831703 | I5: =SUMIFS(徳位表!$H:$H,徳位表!$A:$A,">="&D5,徳位表!$A:$A,"<"&E5) -> 709 | J5: 0.95 | K5: =ROUND(I5/(パラメータ!$B$12*J5),1) -> 7.5 | L5: 7 | M5: =IF(ABS(K5-L5)/L5<=0.3,"OK","要調整") -> OK
A6: 5 | B6: 中部 | C6: 9 | D6: 55 | E6: =D7 -> 63 | F6: =E6-D6 -> 8 | G6: =ROUND(F6/C6,1) -> 0.9 | H6: =INDEX(徳位表!$C:$C,E6+1)-INDEX(徳位表!$C:$C,D6+1) -> 912485 | I6: =SUMIFS(徳位表!$H:$H,徳位表!$A:$A,">="&D6,徳位表!$A:$A,"<"&E6) -> 648 | J6: 0.9 | K6: =ROUND(I6/(パラメータ!$B$12*J6),1) -> 7.2 | L6: 8 | M6: =IF(ABS(K6-L6)/L6<=0.3,"OK","要調整") -> OK
A7: 6 | B7: 関東 | C7: 7 | D7: 63 | E7: =D8 -> 70 | F7: =E7-D7 -> 7 | G7: =ROUND(F7/C7,1) -> 1 | H7: =INDEX(徳位表!$C:$C,E7+1)-INDEX(徳位表!$C:$C,D7+1) -> 1003558 | I7: =SUMIFS(徳位表!$H:$H,徳位表!$A:$A,">="&D7,徳位表!$A:$A,"<"&E7) -> 623 | J7: 0.8 | K7: =ROUND(I7/(パラメータ!$B$12*J7),1) -> 7.8 | L7: 8 | M7: =IF(ABS(K7-L7)/L7<=0.3,"OK","要調整") -> OK
A8: 7 | B8: 北海道 | C8: 4 | D8: 70 | E8: =D9 -> 76 | F8: =E8-D8 -> 6 | G8: =ROUND(F8/C8,1) -> 1.5 | H8: =INDEX(徳位表!$C:$C,E8+1)-INDEX(徳位表!$C:$C,D8+1) -> 1027945 | I8: =SUMIFS(徳位表!$H:$H,徳位表!$A:$A,">="&D8,徳位表!$A:$A,"<"&E8) -> 579 | J8: 0.7 | K8: =ROUND(I8/(パラメータ!$B$12*J8),1) -> 8.3 | L8: 9 | M8: =IF(ABS(K8-L8)/L8<=0.3,"OK","要調整") -> OK
A9: 8 | B9: 東北(管理区外・ゴール) | C9: 6 | D9: 76 | E9: =パラメータ!$B$2 -> 80 | F9: =E9-D9 -> 4 | G9: =ROUND(F9/C9,1) -> 0.7 | H9: =INDEX(徳位表!$C:$C,E9+1)-INDEX(徳位表!$C:$C,D9+1) -> 777645 | I9: =SUMIFS(徳位表!$H:$H,徳位表!$A:$A,">="&D9,徳位表!$A:$A,"<"&E9) -> 406 | J9: 0.45 | K9: =ROUND(I9/(パラメータ!$B$12*J9),1) -> 9 | L9: 10 | M9: =IF(ABS(K9-L9)/L9<=0.3,"OK","要調整") -> OK
A10: 計 | I10: =SUM(I2:I9) -> 4572 | K10: =SUM(K2:K9) -> 55.2 | L10: =SUM(L2:L9) -> 60
A12: 討伐ペース補正: 後半ほど敵が固く移動が長くなる想定(1.0=基準ペース通り)。
A13: 戦闘以外(物語・移動・買い物)の時間は含まない。実プレイはこの1.2〜1.4倍を見込む。

Sheet 経済と報酬
A1: 章 | B1: 帯中央Lv | C1: 敵XP@中央 | D1: 敵ゴールド@中央 | E1: 時給XP | F1: 時給モン | G1: デイリー討伐数(案) | H1: デイリー報酬XP | I1: デイリー報酬モン | J1: 恩賞モン/日 | K1: 次章武器の価格目安 | L1: ボスXP@章末 | M1: ボスHP@章末
A2: 1 | B2: =ROUND((章設計!D2+章設計!E2)/2,0) -> 12 | C2: =INDEX(徳位表!$D:$D,B2+1) -> 246 | D2: =INDEX(徳位表!$G:$G,B2+1) -> 49 | E2: =ROUND(パラメータ!$B$12*章設計!J2*C2,0) -> 27060 | F2: =ROUND(パラメータ!$B$12*章設計!J2*D2,0) -> 5390 | G2: 10 | H2: =ROUND(E2*パラメータ!$B$15,0) -> 6765 | I2: =ROUND(F2*パラメータ!$B$15,0) -> 1348 | J2: =ROUND(F2*パラメータ!$B$16,0) -> 270 | K2: =ROUND(F2*パラメータ!$B$17,-1) -> 10780 | L2: =ROUND(INDEX(徳位表!$D:$D,章設計!E2+1)*パラメータ!$B$13,0) -> 1916 | M2: =ROUND(INDEX(徳位表!$E:$E,章設計!E2+1)*パラメータ!$B$14,0) -> 4494
A3: 2 | B3: =ROUND((章設計!D3+章設計!E3)/2,0) -> 28 | C3: =INDEX(徳位表!$D:$D,B3+1) -> 625 | D3: =INDEX(徳位表!$G:$G,B3+1) -> 125 | E3: =ROUND(パラメータ!$B$12*章設計!J3*C3,0) -> 65625 | F3: =ROUND(パラメータ!$B$12*章設計!J3*D3,0) -> 13125 | G3: 10 | H3: =ROUND(E3*パラメータ!$B$15,0) -> 16406 | I3: =ROUND(F3*パラメータ!$B$15,0) -> 3281 | J3: =ROUND(F3*パラメータ!$B$16,0) -> 656 | K3: =ROUND(F3*パラメータ!$B$17,-1) -> 26250 | L3: =ROUND(INDEX(徳位表!$D:$D,章設計!E3+1)*パラメータ!$B$13,0) -> 3096 | M3: =ROUND(INDEX(徳位表!$E:$E,章設計!E3+1)*パラメータ!$B$14,0) -> 7254
A4: 3 | B4: =ROUND((章設計!D4+章設計!E4)/2,0) -> 40 | C4: =INDEX(徳位表!$D:$D,B4+1) -> 926 | D4: =INDEX(徳位表!$G:$G,B4+1) -> 185 | E4: =ROUND(パラメータ!$B$12*章設計!J4*C4,0) -> 92600 | F4: =ROUND(パラメータ!$B$12*章設計!J4*D4,0) -> 18500 | G4: 10 | H4: =ROUND(E4*パラメータ!$B$15,0) -> 23150 | I4: =ROUND(F4*パラメータ!$B$15,0) -> 4625 | J4: =ROUND(F4*パラメータ!$B$16,0) -> 925 | K4: =ROUND(F4*パラメータ!$B$17,-1) -> 37000 | L4: =ROUND(INDEX(徳位表!$D:$D,章設計!E4+1)*パラメータ!$B$13,0) -> 4216 | M4: =ROUND(INDEX(徳位表!$E:$E,章設計!E4+1)*パラメータ!$B$14,0) -> 9876
A5: 4 | B5: =ROUND((章設計!D5+章設計!E5)/2,0) -> 50 | C5: =INDEX(徳位表!$D:$D,B5+1) -> 1183 | D5: =INDEX(徳位表!$G:$G,B5+1) -> 237 | E5: =ROUND(パラメータ!$B$12*章設計!J5*C5,0) -> 112385 | F5: =ROUND(パラメータ!$B$12*章設計!J5*D5,0) -> 22515 | G5: 10 | H5: =ROUND(E5*パラメータ!$B$15,0) -> 28096 | I5: =ROUND(F5*パラメータ!$B$15,0) -> 5629 | J5: =ROUND(F5*パラメータ!$B$16,0) -> 1126 | K5: =ROUND(F5*パラメータ!$B$17,-1) -> 45030 | L5: =ROUND(INDEX(徳位表!$D:$D,章設計!E5+1)*パラメータ!$B$13,0) -> 5256 | M5: =ROUND(INDEX(徳位表!$E:$E,章設計!E5+1)*パラメータ!$B$14,0) -> 12318
A6: 5 | B6: =ROUND((章設計!D6+章設計!E6)/2,0) -> 59 | C6: =INDEX(徳位表!$D:$D,B6+1) -> 1419 | D6: =INDEX(徳位表!$G:$G,B6+1) -> 284 | E6: =ROUND(パラメータ!$B$12*章設計!J6*C6,0) -> 127710 | F6: =ROUND(パラメータ!$B$12*章設計!J6*D6,0) -> 25560 | G6: 10 | H6: =ROUND(E6*パラメータ!$B$15,0) -> 31928 | I6: =ROUND(F6*パラメータ!$B$15,0) -> 6390 | J6: =ROUND(F6*パラメータ!$B$16,0) -> 1278 | K6: =ROUND(F6*パラメータ!$B$17,-1) -> 51120 | L6: =ROUND(INDEX(徳位表!$D:$D,章設計!E6+1)*パラメータ!$B$13,0) -> 6100 | M6: =ROUND(INDEX(徳位表!$E:$E,章設計!E6+1)*パラメータ!$B$14,0) -> 14298
A7: 6 | B7: =ROUND((章設計!D7+章設計!E7)/2,0) -> 67 | C7: =INDEX(徳位表!$D:$D,B7+1) -> 1632 | D7: =INDEX(徳位表!$G:$G,B7+1) -> 326 | E7: =ROUND(パラメータ!$B$12*章設計!J7*C7,0) -> 130560 | F7: =ROUND(パラメータ!$B$12*章設計!J7*D7,0) -> 26080 | G7: 10 | H7: =ROUND(E7*パラメータ!$B$15,0) -> 32640 | I7: =ROUND(F7*パラメータ!$B$15,0) -> 6520 | J7: =ROUND(F7*パラメータ!$B$16,0) -> 1304 | K7: =ROUND(F7*パラメータ!$B$17,-1) -> 52160 | L7: =ROUND(INDEX(徳位表!$D:$D,章設計!E7+1)*パラメータ!$B$13,0) -> 6852 | M7: =ROUND(INDEX(徳位表!$E:$E,章設計!E7+1)*パラメータ!$B$14,0) -> 16056
A8: 7 | B8: =ROUND((章設計!D8+章設計!E8)/2,0) -> 73 | C8: =INDEX(徳位表!$D:$D,B8+1) -> 1794 | D8: =INDEX(徳位表!$G:$G,B8+1) -> 359 | E8: =ROUND(パラメータ!$B$12*章設計!J8*C8,0) -> 125580 | F8: =ROUND(パラメータ!$B$12*章設計!J8*D8,0) -> 25130 | G8: 10 | H8: =ROUND(E8*パラメータ!$B$15,0) -> 31395 | I8: =ROUND(F8*パラメータ!$B$15,0) -> 6283 | J8: =ROUND(F8*パラメータ!$B$16,0) -> 1257 | K8: =ROUND(F8*パラメータ!$B$17,-1) -> 50260 | L8: =ROUND(INDEX(徳位表!$D:$D,章設計!E8+1)*パラメータ!$B$13,0) -> 7500 | M8: =ROUND(INDEX(徳位表!$E:$E,章設計!E8+1)*パラメータ!$B$14,0) -> 17580
A9: 8 | B9: =ROUND((章設計!D9+章設計!E9)/2,0) -> 78 | C9: =INDEX(徳位表!$D:$D,B9+1) -> 1929 | D9: =INDEX(徳位表!$G:$G,B9+1) -> 386 | E9: =ROUND(パラメータ!$B$12*章設計!J9*C9,0) -> 86805 | F9: =ROUND(パラメータ!$B$12*章設計!J9*D9,0) -> 17370 | G9: 10 | H9: =ROUND(E9*パラメータ!$B$15,0) -> 21701 | I9: =ROUND(F9*パラメータ!$B$15,0) -> 4343 | J9: =ROUND(F9*パラメータ!$B$16,0) -> 869 | K9: =ROUND(F9*パラメータ!$B$17,-1) -> 34740 | L9: =ROUND(INDEX(徳位表!$D:$D,章設計!E9+1)*パラメータ!$B$13,0) -> 7936 | M9: =ROUND(INDEX(徳位表!$E:$E,章設計!E9+1)*パラメータ!$B$14,0) -> 18600
A11: デイリー報酬 = その帯の時給×25%。討伐10体のXP/ゴールド自体も入るので、体感は約20分ぶんの得。
A12: 恩賞(ログインボーナス) = 時給×5%をモン換算した軽いもの。7日目だけ竜の血などの現物にする。
A13: 現行1章の実値: 打刀120モン・大太刀400モン・甘露水S 30モン。1章の時給モン欄と整合を確認済み。

Sheet 強化期待値
A1: 目標強化値 | B1: 成功率(現行ENH_RATE) | C1: +0からの期待試行回数(巻物) | D1: メモ
A2: +1 | B2: 1 | C2: =1/B2 -> 1
A3: +2 | B3: 1 | C3: =(C2+1)/B3 -> 2
A4: +3 | B4: 1 | C4: =(C3+1)/B4 -> 3 | D4: ここまで無料同然(100%)
A5: +4 | B5: 0.8 | C5: =(C4+1)/B5 -> 5
A6: +5 | B6: 0.65 | C6: =(C5+1)/B6 -> 9.2307692 | D6: 中堅の壁
A7: +6 | B7: 0.5 | C7: =(C6+1)/B7 -> 20.461538
A8: +7 | B8: 0.4 | C8: =(C7+1)/B8 -> 53.653846 | D8: ここから竜の血も必要
A9: +8 | B9: 0.3 | C9: =(C8+1)/B9 -> 182.17949
A10: +9 | B10: 0.25 | C10: =(C9+1)/B10 -> 732.71795 | D10: 期待700枚超=事実上の生涯目標
A12: 失敗すると+0に戻る現行仕様での、+0から目標値までの期待消費巻物数。
A13: 巻物はボス7%ドロップなので、+9は期待1万体超のボス討伐に相当。+5〜+6が現実的な到達点。

Sheet 現行敵と照合
A1: 敵(現行実装) | B1: Lv | C1: 実HP | D1: モデルHP | E1: HP乖離 | F1: 実XP | G1: モデルXP | H1: XP乖離 | I1: 実ゴールド平均 | J1: モデルゴールド | K1: ボス?
A2: ガキ | B2: 1 | C2: 30 | D2: =ROUND(パラメータ!$B$7*B2^パラメータ!$B$8,0) -> 25 | E2: =IF(D2=0,"",(C2-D2)/D2) -> 0.2 | F2: 14 | G2: =ROUND(パラメータ!$B$5*B2^パラメータ!$B$6,0) -> 16 | H2: =IF(G2=0,"",(F2-G2)/G2) -> -0.125 | I2: 5.5 | J2: =ROUND(G2*パラメータ!$B$11,0) -> 3
A3: イヌガミ | B3: 3 | C3: 55 | D3: =ROUND(パラメータ!$B$7*B3^パラメータ!$B$8,0) -> 84 | E3: =IF(D3=0,"",(C3-D3)/D3) -> -0.3452381 | F3: 30 | G3: =ROUND(パラメータ!$B$5*B3^パラメータ!$B$6,0) -> 54 | H3: =IF(G3=0,"",(F3-G3)/G3) -> -0.44444444 | I3: 10 | J3: =ROUND(G3*パラメータ!$B$11,0) -> 11
A4: アカガキ | B4: 4 | C4: 70 | D4: =ROUND(パラメータ!$B$7*B4^パラメータ!$B$8,0) -> 115 | E4: =IF(D4=0,"",(C4-D4)/D4) -> -0.39130435 | F4: 45 | G4: =ROUND(パラメータ!$B$5*B4^パラメータ!$B$6,0) -> 74 | H4: =IF(G4=0,"",(F4-G4)/G4) -> -0.39189189 | I4: 15 | J4: =ROUND(G4*パラメータ!$B$11,0) -> 15
A5: アッキ | B5: 5 | C5: 95 | D5: =ROUND(パラメータ!$B$7*B5^パラメータ!$B$8,0) -> 147 | E5: =IF(D5=0,"",(C5-D5)/D5) -> -0.3537415 | F5: 62 | G5: =ROUND(パラメータ!$B$5*B5^パラメータ!$B$6,0) -> 94 | H5: =IF(G5=0,"",(F5-G5)/G5) -> -0.34042553 | I5: 19 | J5: =ROUND(G5*パラメータ!$B$11,0) -> 19
A6: ガシャドクロ | B6: 7 | C6: 150 | D6: =ROUND(パラメータ!$B$7*B6^パラメータ!$B$8,0) -> 213 | E6: =IF(D6=0,"",(C6-D6)/D6) -> -0.29577465 | F6: 120 | G6: =ROUND(パラメータ!$B$5*B6^パラメータ!$B$6,0) -> 136 | H6: =IF(G6=0,"",(F6-G6)/G6) -> -0.11764706 | I6: 45 | J6: =ROUND(G6*パラメータ!$B$11,0) -> 27
A7: アオオニ | B7: 8 | C7: 380 | D7: =ROUND(パラメータ!$B$7*B7^パラメータ!$B$8*パラメータ!$B$14,0) -> 1477 | E7: =IF(D7=0,"",(C7-D7)/D7) -> -0.74272173 | F7: 300 | G7: =ROUND(パラメータ!$B$5*B7^パラメータ!$B$6*パラメータ!$B$13,0) -> 630 | H7: =IF(G7=0,"",(F7-G7)/G7) -> -0.52380952 | I7: 110 | J7: =ROUND(G7*パラメータ!$B$11,0) -> 126 | K7: ボス
A8: ヤミイヌガミ | B8: 9 | C8: 200 | D8: =ROUND(パラメータ!$B$7*B8^パラメータ!$B$8,0) -> 280 | E8: =IF(D8=0,"",(C8-D8)/D8) -> -0.28571429 | F8: 170 | G8: =ROUND(パラメータ!$B$5*B8^パラメータ!$B$6,0) -> 179 | H8: =IF(G8=0,"",(F8-G8)/G8) -> -0.05027933 | I8: 42.5 | J8: =ROUND(G8*パラメータ!$B$11,0) -> 36
A9: オニビドクロ | B9: 11 | C9: 290 | D9: =ROUND(パラメータ!$B$7*B9^パラメータ!$B$8,0) -> 350 | E9: =IF(D9=0,"",(C9-D9)/D9) -> -0.17142857 | F9: 260 | G9: =ROUND(パラメータ!$B$5*B9^パラメータ!$B$6,0) -> 224 | H9: =IF(G9=0,"",(F9-G9)/G9) -> 0.16071429 | I9: 70 | J9: =ROUND(G9*パラメータ!$B$11,0) -> 45
A10: ゴズ | B10: 13 | C10: 420 | D10: =ROUND(パラメータ!$B$7*B10^パラメータ!$B$8,0) -> 420 | E10: =IF(D10=0,"",(C10-D10)/D10) -> 0 | F10: 380 | G10: =ROUND(パラメータ!$B$5*B10^パラメータ!$B$6,0) -> 269 | H10: =IF(G10=0,"",(F10-G10)/G10) -> 0.41263941 | I10: 95 | J10: =ROUND(G10*パラメータ!$B$11,0) -> 54
A11: オニオウ | B11: 16 | C11: 2600 | D11: =ROUND(パラメータ!$B$7*B11^パラメータ!$B$8*パラメータ!$B$14,0) -> 3167 | E11: =IF(D11=0,"",(C11-D11)/D11) -> -0.17903379 | F11: 1400 | G11: =ROUND(パラメータ!$B$5*B11^パラメータ!$B$6*パラメータ!$B$13,0) -> 1351 | H11: =IF(G11=0,"",(F11-G11)/G11) -> 0.03626943 | I11: 375 | J11: =ROUND(G11*パラメータ!$B$11,0) -> 270 | K11: ボス
A12: シラホネ | B12: 18 | C12: 520 | D12: =ROUND(パラメータ!$B$7*B12^パラメータ!$B$8,0) -> 601 | E12: =IF(D12=0,"",(C12-D12)/D12) -> -0.13477537 | F12: 430 | G12: =ROUND(パラメータ!$B$5*B12^パラメータ!$B$6,0) -> 385 | H12: =IF(G12=0,"",(F12-G12)/G12) -> 0.11688312 | I12: 85 | J12: =ROUND(G12*パラメータ!$B$11,0) -> 77
A13: キョウコツ | B13: 22 | C13: 680 | D13: =ROUND(パラメータ!$B$7*B13^パラメータ!$B$8,0) -> 749 | E13: =IF(D13=0,"",(C13-D13)/D13) -> -0.09212283 | F13: 580 | G13: =ROUND(パラメータ!$B$5*B13^パラメータ!$B$6,0) -> 479 | H13: =IF(G13=0,"",(F13-G13)/G13) -> 0.21085595 | I13: 107.5 | J13: =ROUND(G13*パラメータ!$B$11,0) -> 96
A14: オオドクロ | B14: 26 | C14: 900 | D14: =ROUND(パラメータ!$B$7*B14^パラメータ!$B$8,0) -> 900 | E14: =IF(D14=0,"",(C14-D14)/D14) -> 0 | F14: 780 | G14: =ROUND(パラメータ!$B$5*B14^パラメータ!$B$6,0) -> 576 | H14: =IF(G14=0,"",(F14-G14)/G14) -> 0.35416667 | I14: 132.5 | J14: =ROUND(G14*パラメータ!$B$11,0) -> 115
A15: ガシャオウ | B15: 30 | C15: 6800 | D15: =ROUND(パラメータ!$B$7*B15^パラメータ!$B$8*パラメータ!$B$14,0) -> 6323 | E15: =IF(D15=0,"",(C15-D15)/D15) -> 0.075438874 | F15: 2000 | G15: =ROUND(パラメータ!$B$5*B15^パラメータ!$B$6*パラメータ!$B$13,0) -> 2698 | H15: =IF(G15=0,"",(F15-G15)/G15) -> -0.25871016 | I15: 550 | J15: =ROUND(G15*パラメータ!$B$11,0) -> 540 | K15: ボス
A16: ゴウリュウ | B16: 50 | C16: 13600 | D16: =ROUND(パラメータ!$B$7*B16^パラメータ!$B$8*パラメータ!$B$14,0) -> 11091 | E16: =IF(D16=0,"",(C16-D16)/D16) -> 0.22621946 | F16: 700 | G16: =ROUND(パラメータ!$B$5*B16^パラメータ!$B$6*パラメータ!$B$13,0) -> 4732 | H16: =IF(G16=0,"",(F16-G16)/G16) -> -0.85207101 | I16: 260 | J16: =ROUND(G16*パラメータ!$B$11,0) -> 946 | K16: ボス
A18: ゴウリュウのXP700はLv50表示に対し極端に低い(=周回農場化の防止と思われる)。設計意図として維持を推奨。
A19: 乖離±40%以内なら実用上問題なし。系統的にずれるならパラメータの係数・指数を調整する。

Sheet 強化新案
A1: 新強化仕様: 失敗しても+値は維持、巻物だけ消費。上限なし(+16以降は一律1%) | H1: 週間巻物入手目安 | I1: 6
H2: (ボスドロップ+デイリーのかけら10個=1枚を想定)
A3: 強化値 | B3: 成功率(案) | C3: この+1の期待巻物数 | D3: +0からの累計期待巻物数 | E3: 巻物週間入手目安で何週? | F3: メモ
A4: +1 | B4: 1 | C4: =1/B4 -> 1 | D4: =C4 -> 1 | E4: =D4/$I$1 -> 0.16666667
A5: +2 | B5: 1 | C5: =1/B5 -> 1 | D5: =D4+C5 -> 2 | E5: =D5/$I$1 -> 0.33333333
A6: +3 | B6: 1 | C6: =1/B6 -> 1 | D6: =D5+C6 -> 3 | E6: =D6/$I$1 -> 0.5 | F6: ここまで確定
A7: +4 | B7: 0.8 | C7: =1/B7 -> 1.25 | D7: =D6+C7 -> 4.25 | E7: =D7/$I$1 -> 0.70833333
A8: +5 | B8: 0.65 | C8: =1/B8 -> 1.5384615 | D8: =D7+C8 -> 5.7884615 | E8: =D8/$I$1 -> 0.96474359
A9: +6 | B9: 0.5 | C9: =1/B9 -> 2 | D9: =D8+C9 -> 7.7884615 | E9: =D9/$I$1 -> 1.2980769 | F9: 中堅の到達点
A10: +7 | B10: 0.4 | C10: =1/B10 -> 2.5 | D10: =D9+C10 -> 10.288462 | E10: =D10/$I$1 -> 1.7147436
A11: +8 | B11: 0.3 | C11: =1/B11 -> 3.3333333 | D11: =D10+C11 -> 13.621795 | E11: =D11/$I$1 -> 2.2702991
A12: +9 | B12: 0.25 | C12: =1/B12 -> 4 | D12: =D11+C12 -> 17.621795 | E12: =D12/$I$1 -> 2.9369658 | F12: 旧仕様の実質上限。新仕様では通過点に
A13: +10 | B13: 0.15 | C13: =1/B13 -> 6.6666667 | D13: =D12+C13 -> 24.288462 | E13: =D13/$I$1 -> 4.0480769
A14: +11 | B14: 0.1 | C14: =1/B14 -> 10 | D14: =D13+C14 -> 34.288462 | E14: =D14/$I$1 -> 5.7147436
A15: +12 | B15: 0.07 | C15: =1/B15 -> 14.285714 | D15: =D14+C15 -> 48.574176 | E15: =D15/$I$1 -> 8.095696 | F15: やり込み勢の勲章
A16: +13 | B16: 0.05 | C16: =1/B16 -> 20 | D16: =D15+C16 -> 68.574176 | E16: =D16/$I$1 -> 11.429029
A17: +14 | B17: 0.03 | C17: =1/B17 -> 33.333333 | D17: =D16+C17 -> 101.90751 | E17: =D17/$I$1 -> 16.984585
A18: +15 | B18: 0.02 | C18: =1/B18 -> 50 | D18: =D17+C18 -> 151.90751 | E18: =D18/$I$1 -> 25.317918 | F18: ここから先は一律1%の無限峠
A19: +16 | B19: 0.01 | C19: =1/B19 -> 100 | D19: =D18+C19 -> 251.90751 | E19: =D19/$I$1 -> 41.984585 | F19: 無限峠
A20: +17 | B20: 0.01 | C20: =1/B20 -> 100 | D20: =D19+C20 -> 351.90751 | E20: =D20/$I$1 -> 58.651252
A21: +18 | B21: 0.01 | C21: =1/B21 -> 100 | D21: =D20+C21 -> 451.90751 | E21: =D21/$I$1 -> 75.317918
A22: +19 | B22: 0.01 | C22: =1/B22 -> 100 | D22: =D21+C22 -> 551.90751 | E22: =D22/$I$1 -> 91.984585
A23: +20 | B23: 0.01 | C23: =1/B23 -> 100 | D23: =D22+C23 -> 651.90751 | E23: =D23/$I$1 -> 108.65125
A25: 旧仕様(失敗で+0戻り)の+9は期待733枚だった。新仕様では約18枚で+9、約152枚で+15。
A26: 失敗しても進捗が消えないため「悔しさで辞める」が起きない。巻物消費は供給(週6枚目安)で制御する。
A27: +16以降は1%固定=1段あたり期待100枚(約17週)。文字通り終わらない目標として機能する。
A28: 武器+7以降の竜の血要求は維持。+10以降は章ボス素材も追加要求すると、過去章のボスに価値が残る。
